{
  "model_name": "roberta-base",
  "max_length": 512,
  "metrics": {
    "loss": 0.004561926753546398,
    "accuracy": 0.9992933417085427,
    "precision": 0.9994238801670747,
    "recall": 0.9992799539170507,
    "f1": 0.9993519118600129,
    "confusion_matrix": [
      [
        5788,
        4
      ],
      [
        5,
        6939
      ]
    ]
  }
}